tick,run,wholeUpdate,controlBehaviorUpdate,transportLinesUpdate,electricHeatFluidCircuitUpdate,electricNetworkUpdate,fluidFlowUpdate,entityUpdate,trains
0,0,31100900,86900,75300,2022400,1864100,100,28740400,2300
1,0,11536800,41800,61200,1131800,983100,200,10279100,300
2,0,2222200,21300,56900,885800,746900,100,1244200,300
3,0,1846400,33600,42200,865700,727200,100,892900,300
4,0,22052800,64500,23600,2083000,1916300,200,19854400,200
5,0,15545400,34300,66200,960200,819700,200,14453400,100
6,0,4422900,38100,31000,1019000,874900,600,3313900,100
7,0,3884500,31200,32400,897100,747100,200,2906300,100
8,0,9152500,66200,36200,1074700,930100,200,7935400,200
9,0,9729500,39700,28800,1055600,755000,200,8575100,100
10,0,2296800,49600,53500,913700,771400,100,1182700,200
11,0,2598600,55500,46400,941300,800500,200,1529400,200
12,0,2208100,33400,34200,881300,742600,100,1230800,200
13,0,9432700,28200,31900,1097600,954500,200,8245200,200
14,0,954200,22700,43200,865800,730000,100,2100,0
15,0,996500,50600,33700,891300,755800,100,2900,100
16,0,971900,45600,35100,860400,722800,100,2900,100
17,0,1075900,32200,135900,874500,736200,100,3000,100
18,0,1010800,45100,50900,876100,730600,100,2600,200
19,0,1009000,22900,36000,863400,726000,100,2700,200
20,0,947300,41200,26600,860300,723400,100,3000,100
21,0,1105300,27000,38300,856500,720700,100,1700,100
22,0,1133000,34600,27900,855400,719300,100,3400,100
23,0,1045500,35700,36300,942900,805500,100,3000,0
24,0,953400,38200,46700,859700,723200,100,1700,100
25,0,923200,24900,22100,865300,726300,0,3000,0
26,0,967100,31900,61800,858900,721800,200,2300,200
27,0,944300,33000,38800,860800,722700,200,2600,100
28,0,941700,34000,29200,864200,724900,100,2500,100
29,0,948800,32700,37400,858900,722600,100,2900,0
0,1,31578200,65700,71200,1689100,1518400,100,29586000,2700
1,1,11143100,34900,43200,986500,839000,200,10055100,100
2,1,2604800,54100,25900,966400,827200,100,1545300,100
3,1,2206100,34700,34600,862400,724800,100,1264500,100
4,1,22453800,49100,25500,2058800,1915600,300,20280800,400
5,1,15551800,38400,51800,994300,852800,200,14425600,200
6,1,4471300,55500,58200,915500,774700,300,3412400,200
7,1,3982000,42300,27400,938500,801200,100,2957000,100
8,1,9138600,94400,29300,1035700,895400,100,7944100,300
9,1,9773300,46700,43100,1032400,893000,100,8630300,200
10,1,2325200,41600,40500,972800,818500,100,1193400,200
11,1,1957600,25900,48100,866600,730300,100,991400,200
12,1,2158500,58300,37100,897300,757400,100,1143200,200
13,1,8449600,18800,34900,1000900,862500,100,7370600,200
14,1,952900,30300,37500,862800,725900,200,3700,200
15,1,945900,31600,39000,858800,720400,200,2200,0
16,1,942300,28900,27200,854300,720000,100,3100,0
17,1,965000,34000,22000,879500,736200,200,2100,0
18,1,954700,24600,42600,853300,718400,100,3000,100
19,1,984000,32800,50400,864500,728300,100,2000,0
20,1,1002400,26100,31300,871000,734600,200,3300,100
21,1,1205700,31000,33300,974400,735000,200,3000,100
22,1,1147900,40600,36200,864300,724400,200,2400,100
23,1,942700,24700,24100,862300,727100,100,3500,200
24,1,916500,28800,26600,852500,716600,200,2600,0
25,1,936600,13800,41300,867600,733200,100,3300,200
26,1,943600,52400,28500,854200,719000,100,1800,0
27,1,918200,24000,28500,856100,720700,100,2900,0
28,1,938700,32000,38800,856200,720600,0,3000,0
29,1,929300,29500,24100,860900,725900,100,2300,0
0,2,32005500,111600,80700,2026900,1866000,200,29614800,2700
1,2,11411200,31600,50700,955600,810900,300,10352100,300
2,2,2449700,33600,55500,874300,736100,200,1466700,300
3,2,2064300,46200,40800,971600,828500,100,995800,100
4,2,21955700,62400,25200,2013400,1869900,100,19815700,400
5,2,15444800,42700,27300,920500,781500,200,14422100,100
6,2,4511900,35000,56100,1005900,865100,200,3389800,200
7,2,4052500,49400,68600,981300,840200,100,2932400,200
8,2,8911400,39900,36000,940000,784600,200,7860800,100
9,2,9738800,58200,40400,911200,769500,200,8696900,200
10,2,2400300,38300,24000,1061300,922200,100,1188500,100
11,2,1906600,34900,36600,856300,720300,100,953600,200
12,2,2077800,35800,22800,856200,721800,100,1142700,100
13,2,8377300,50800,27400,889500,751900,200,7385200,300
14,2,950200,27000,49400,852200,716500,200,2000,100
15,2,921700,25200,26000,852300,717200,100,2800,0
16,2,962800,32000,43900,854500,719500,0,2200,0
17,2,933900,27300,25300,855000,716500,100,1600,0
18,2,1002100,31400,52800,870000,728200,200,2800,100
19,2,980200,23400,41300,852600,717100,100,1700,100
20,2,940300,39300,29900,854500,720100,100,3200,100
21,2,1068800,30100,23700,849700,714900,100,2800,100
22,2,1110400,31400,27100,848500,713900,100,3000,0
23,2,939500,36000,28200,847300,713000,100,1800,100
24,2,968100,41600,38000,880700,728400,200,2100,0
25,2,927600,29700,35100,853700,717800,100,1700,100
26,2,938300,33000,31000,861000,722200,100,2100,100
27,2,938200,21700,49200,853400,718000,100,3500,500
28,2,953200,46000,34400,858300,720800,100,2800,200
29,2,915600,29600,14100,852100,717700,200,1800,0
0,3,31368900,92100,63400,2441800,2258300,300,28606000,2400
1,3,11251000,41300,48800,1029300,875900,200,10111700,200
2,3,2614000,32300,91300,918400,781300,200,1550300,400
3,3,2273600,66200,42200,970500,830100,200,1180000,300
4,3,22138600,46000,50200,1848200,1701000,400,20154900,700
5,3,15657500,42400,36900,1026100,887700,300,14513200,300
6,3,4446900,33300,37900,997200,849500,200,3351100,100
7,3,4137100,51500,35500,1001000,861300,100,3022900,200
8,3,9230300,37500,36400,1019100,881700,200,8098700,200
9,3,9708800,37700,29900,1027800,891700,100,8582100,200
10,3,2302700,34200,66000,898100,762700,100,1213900,100
11,3,1944000,46000,36500,874400,738400,100,965600,100
12,3,2092600,28600,34000,848500,714500,100,1156400,200
13,3,8606900,64700,36300,1002900,861100,100,7482600,100
14,3,951400,46800,35700,846300,710400,100,3100,100
15,3,1100200,171000,42700,866100,729600,100,2500,200
16,3,973900,39900,49600,847700,709300,0,2200,100
17,3,963000,45800,45600,844500,707900,0,1800,100
18,3,964400,40700,25200,845200,706700,100,2900,100
19,3,968600,34800,27200,840600,705600,0,2900,0
20,3,968500,39800,73500,841800,705700,100,2700,100
21,3,1086200,23000,42900,857900,720300,100,2200,100
22,3,1129400,51000,35600,843500,708100,0,2800,100
23,3,977700,39800,49100,860100,711800,100,1600,100
24,3,939400,38400,37800,850400,713500,100,2100,0
25,3,949800,58000,37800,843500,707800,100,2100,100
26,3,961100,57900,47900,845500,707400,100,2200,100
27,3,908600,16500,40300,839900,705200,100,2500,100
28,3,908900,27100,28800,841200,706000,100,3000,0
29,3,935000,34500,35900,843300,708500,100,3100,100
0,4,31695100,48800,67600,2504500,2335900,200,28911300,2700
1,4,11048100,53900,59600,984800,843000,300,9929800,200
2,4,2584700,36800,43700,948400,808600,100,1539500,100
3,4,1988500,40800,30100,857500,718900,100,1050700,100
4,4,22814400,40000,35900,2212200,2038400,300,20487800,800
5,4,15595900,97000,30700,1073300,916800,200,14364400,200
6,4,4435100,41000,54300,928700,791100,200,3385800,100
7,4,3695100,36300,52300,1010900,763500,200,2572400,200
8,4,9106500,63600,48400,1117000,954500,100,7844100,300
9,4,9523300,64800,70900,881100,743100,100,8478900,300
10,4,2298300,27400,37000,983200,824100,0,1174100,100
11,4,1974200,28800,67500,866800,726600,100,982300,300
12,4,2207500,28300,39100,968500,829000,100,1149900,200
13,4,8311900,54800,25600,987000,841400,100,7229900,200
14,4,964900,54400,35200,853700,715800,200,2500,200
15,4,933700,25600,31500,858900,720500,100,2900,100
16,4,976300,26200,39600,867900,720900,200,2500,100
17,4,954000,28700,35100,855900,717100,100,3400,100
18,4,1023700,65700,45500,856600,715900,100,2900,200
19,4,1008500,56900,33700,852800,714900,100,1900,0
20,4,929400,35400,23000,854100,714900,0,2700,100
21,4,1085300,36800,30800,850500,712400,0,3300,100
22,4,1115300,27800,31300,857300,718700,0,2600,0
23,4,974200,51300,32000,856600,717000,100,2900,100
24,4,937300,37600,36200,855100,715900,100,2000,100
25,4,931800,27500,35800,855300,716200,100,3000,200
26,4,934300,26400,39000,857900,718600,100,2200,0
27,4,950000,44200,37700,854500,715700,100,3300,100
28,4,956200,44500,48400,852700,714600,0,1600,0
29,4,950700,42200,39200,850900,712400,100,2100,100
0,5,31346500,41400,79600,1972200,1787200,300,29106400,2400
1,5,10953800,34300,32800,1048300,908600,200,9819900,100
2,5,2473400,30200,44500,864300,727700,200,1520900,100
3,5,2333500,55900,37600,905500,767800,200,1326500,100
4,5,21885900,53100,41700,1823000,1675100,100,19934500,500
5,5,16101700,34000,35700,972600,832500,300,15020400,300
6,5,4686300,79200,32800,892700,749900,200,3655300,300
7,5,3893200,48400,40300,1008500,864900,100,2771200,300
8,5,9036300,53900,43000,1009800,869600,100,7886100,200
9,5,10164100,40400,63000,1051400,903000,200,8974300,200
10,5,2415300,30400,24000,898800,760500,200,1374400,300
11,5,2277200,49500,27800,921200,783300,100,1249300,100
12,5,2236900,48700,30300,866200,727600,100,1268800,200
13,5,9373300,67000,27500,889100,751100,300,8366800,100
14,5,955100,34100,40500,856100,719300,200,3400,100
15,5,940100,26200,38600,860300,722400,0,3100,0
16,5,960600,32400,39800,853100,716200,100,2100,100
17,5,984400,61600,28800,853500,715300,100,3400,100
18,5,988400,24800,38900,868200,726500,100,2800,100
19,5,991300,35100,37600,849300,712700,100,1800,0
20,5,968000,39600,50600,858000,714500,100,2200,100
21,5,1136200,41500,36100,882500,745100,100,3400,200
22,5,1167400,36600,58700,853700,716300,100,3100,100
23,5,968400,44200,38300,851500,714200,100,3500,200
24,5,950500,35700,55500,850900,713700,200,2700,0
25,5,946700,32100,39800,862000,725100,100,2600,100
26,5,968300,63400,40900,851300,714000,100,2600,200
27,5,920300,29700,26900,852500,714800,100,2900,100
28,5,940900,37700,38100,852600,715400,100,2900,100
29,5,961200,39000,34700,866100,729100,100,2600,100
0,6,30859000,35500,37400,1530000,1367200,300,29111200,2300
1,6,11309300,39500,57400,1086400,941000,300,10104100,200
2,6,2633300,36300,62100,988800,833400,200,1529000,200
3,6,2362600,27300,41900,922400,782000,200,1359900,100
4,6,22030600,67900,34200,1755700,1609900,100,20138000,300
5,6,15868600,35700,36000,1087900,927400,200,14671600,100
6,6,4304800,36700,41100,883400,746500,200,3317800,200
7,6,3318600,44600,35200,900900,763900,300,2322600,100
8,6,8969400,58400,37200,949800,806800,300,7887200,100
9,6,9828400,78100,37600,963600,820800,200,8725300,200
10,6,2438200,75200,47500,876700,735500,200,1355900,100
11,6,2139800,36700,43500,861900,724000,200,1171900,200
12,6,2113700,33300,37400,859000,721900,100,1160500,100
13,6,8616200,37000,39200,967200,806600,200,7549500,100
14,6,950100,42600,44300,848500,712100,200,1800,100
15,6,1014100,49300,43700,904800,762500,100,2500,100
16,6,958000,27000,47200,849500,712400,100,2100,100
17,6,980600,35300,50100,861700,724300,100,2700,200
18,6,966900,39400,37100,844600,708700,200,2700,100
19,6,1003800,43400,45100,853700,714600,200,2500,200
20,6,923900,32000,27600,849500,712800,100,3000,0
21,6,1079800,37300,22400,851800,714400,100,2400,100
22,6,1098000,15300,28900,847800,711400,100,2900,100
23,6,940700,26900,37800,843700,707900,100,2400,0
24,6,939100,35100,44000,851400,715500,200,2100,0
25,6,929300,43100,22600,852100,715900,100,2900,100
26,6,948700,33200,54000,850000,713500,100,2900,0
27,6,941600,37800,41600,850200,713200,200,2900,100
28,6,942600,28000,52600,846500,709600,100,2700,200
29,6,942800,43200,34400,844900,707900,100,2900,100
0,7,32109300,46700,95100,1579700,1430900,200,30233200,2500
1,7,11128700,61300,40800,1034700,882300,100,9969500,300
2,7,2527500,61000,36800,865300,727700,200,1544000,200
3,7,2420800,61100,32800,986700,836800,100,1326700,200
4,7,21374100,40000,34700,1466600,1324600,100,19805600,300
5,7,15724700,69700,71300,995400,856900,100,14558000,300
6,7,4380900,36700,31400,880600,743100,300,3412300,200
7,7,4156700,30000,39400,913800,776600,300,3155900,100
8,7,9162400,38400,41200,1070000,911000,100,7971500,200
9,7,9648500,56600,61000,952600,808500,200,8547100,200
10,7,2330100,43200,39500,972000,811000,100,1188700,300
11,7,1948700,29000,43400,858400,720100,200,993000,100
12,7,2108700,42700,37200,850600,713200,0,1153500,200
13,7,8287700,22500,32100,1009400,871200,200,7207600,100
14,7,976000,26600,50600,870700,731700,100,3300,100
15,7,949700,31900,36400,866300,724900,100,3000,200
16,7,959800,48300,25400,850800,712700,200,3000,200
17,7,983400,44300,38300,863000,721700,0,3300,200
18,7,955500,22900,29200,853200,716300,100,3100,100
19,7,1000700,41800,44100,853900,716400,100,1900,100
20,7,942000,30700,29900,863000,724800,200,3000,0
21,7,1109600,34700,50500,854400,716700,100,3400,200
22,7,1162500,51700,33800,860200,721700,100,3100,100
23,7,947800,31100,35600,849500,712600,0,1900,0
24,7,927000,36700,26100,852700,715400,100,3500,100
25,7,955400,34000,33600,879600,741900,100,2300,0
26,7,984400,36100,73400,859900,717400,100,2700,100
27,7,962800,46900,44400,858900,719000,100,2500,200
28,7,966100,43200,47200,858600,717400,100,2700,200
29,7,936700,37100,26100,852800,715500,100,1800,100
0,8,31711800,73100,86300,2525100,2360200,200,28845000,2500
1,8,11163700,33400,33900,1045600,907600,200,10034900,100
2,8,2466400,29600,31500,883500,744400,200,1508200,100
3,8,2210900,69200,41700,857300,716000,200,1228500,100
4,8,21915600,50700,32800,2067900,1925000,200,19734800,300
5,8,15407400,34000,32700,1070100,909900,0,14235100,200
6,8,4384300,36700,52200,996200,858100,100,3274500,200
7,8,3403000,43500,38700,874100,737800,200,2430300,100
8,8,9061600,36200,36800,1057600,915200,200,7890900,100
9,8,9675900,69700,30600,913000,771100,200,8632500,200
10,8,2422700,31700,32800,990500,832900,200,1286600,100
11,8,2071700,45700,107000,849400,711300,100,1042200,200
12,8,2336600,38000,39000,1037700,899100,200,1197000,200
13,8,8804200,76700,64900,1030600,887200,100,7603200,200
14,8,988200,36600,52800,867600,728700,100,4200,200
15,8,939100,41600,37200,845300,707600,100,3200,100
16,8,930100,18100,31300,846400,710700,100,3200,0
17,8,927000,37900,17700,843000,707300,200,2900,100
18,8,1002100,39200,44600,883800,744800,100,2500,0
19,8,1075400,36900,66100,872700,730600,200,3500,200
20,8,982200,54100,55900,851600,710300,200,2800,200
21,8,1115700,44900,41900,851800,710100,0,3400,300
22,8,1144400,33100,59500,847100,709200,200,2900,100
23,8,941300,29600,38700,844900,708600,100,2400,100
24,8,1070500,55700,47500,956300,818100,100,3200,200
25,8,937700,31900,17500,873200,729800,200,3100,100
26,8,950200,44900,39000,852900,716100,100,2200,200
27,8,940500,45600,37700,850300,710000,100,1400,0
28,8,934400,25000,40800,852500,714200,0,2500,200
29,8,941300,34100,35500,846500,707900,0,2400,100
0,9,31365400,57000,51000,2499900,2302200,300,28586900,2500
1,9,11169200,57700,30400,1044300,897400,100,10010500,200
2,9,2582300,31000,48300,997200,844200,100,1486600,100
3,9,2054200,49300,36700,955200,812800,100,1002200,100
4,9,22532600,76300,56200,2117500,1958800,100,20244700,300
5,9,15899600,74000,32600,1106200,968600,100,14644400,300
6,9,4234800,53700,50400,902800,765600,100,3201000,300
7,9,3356900,38900,42300,896600,760500,200,2360900,100
8,9,9178900,65300,26200,1029300,889100,200,8017300,300
9,9,9570100,66300,40500,875500,737800,100,8569000,200
10,9,2337300,37500,42900,854800,718400,100,1322000,200
11,9,1928300,37000,40500,854500,717800,100,970900,100
12,9,2077500,31600,26000,862600,726500,200,1138500,100
13,9,8895500,64000,53500,867400,732400,200,7883700,100
14,9,1003700,42100,45900,886000,743500,100,3100,100
15,9,957200,33800,52700,848000,712700,100,2200,100
16,9,968200,41800,43100,852200,718100,100,3000,100
17,9,961900,35700,42700,848100,713900,100,3100,100
18,9,948500,41800,39100,850800,715000,100,2400,100
19,9,985600,65200,38300,852200,717500,100,3200,100
20,9,1031100,41100,38400,871000,736900,100,3000,100
21,9,1102400,40300,48400,854000,719500,100,2300,100
22,9,1149400,35300,51800,850700,715600,100,2200,100
23,9,950000,34700,36300,850000,715700,100,2700,100
24,9,909000,23600,24200,851300,715500,100,2800,100
25,9,943600,48900,34900,848900,714400,200,2800,100
26,9,944500,24000,59000,853300,718300,100,1700,100
27,9,952800,36700,48300,852700,717500,100,3000,200
28,9,1049300,34300,19000,984100,848300,100,2100,100
29,9,971200,50200,49700,850700,715000,100,3500,200
0,10,31651400,42200,85200,1913900,1730400,200,29459000,2500
1,10,11060000,33200,34100,981800,846500,200,9995900,100
2,10,2619100,30300,31400,921100,786400,200,1623700,100
3,10,2034400,39600,45500,897100,757500,0,1042700,100
4,10,23015100,70700,40200,1863100,1720500,100,21004900,600
5,10,16321700,56200,41900,1003400,860600,200,15184600,400
6,10,4614200,75800,39800,988500,839100,200,3484400,100
7,10,3604100,57400,67300,909400,771100,100,2545300,300
8,10,9528200,40300,38900,1165000,1025300,100,8246100,300
9,10,9801200,34700,48900,986600,850000,200,8704500,100
10,10,2279900,30700,24900,854500,717000,200,1290200,100
11,10,1945200,51400,40800,860100,723100,100,966300,200
12,10,2102700,50700,38300,856300,719400,100,1139200,200
13,10,8867800,35700,29800,1024300,887500,100,7760200,200
14,10,949800,42100,28800,854300,717200,100,3800,200
15,10,1065300,44300,54200,943800,807200,0,3200,100
16,10,983000,63300,21900,854500,713500,200,2500,100
17,10,955700,41200,32100,848600,711600,200,1800,0
18,10,983400,42400,42600,843500,707800,0,2400,100
19,10,971000,31100,29300,846900,710700,100,2400,0
20,10,922300,31600,33600,842400,707100,100,1900,100
21,10,1096900,37400,42800,845900,710800,100,2300,100
22,10,1151300,37300,36500,866600,731200,100,1900,0
23,10,1003100,33600,52300,878900,742200,100,3200,200
24,10,927200,31100,30900,852500,715700,200,3100,100
25,10,928600,35700,33900,845700,710100,200,2900,100
26,10,929700,36500,39100,843900,707200,100,3100,100
27,10,930800,32500,38600,848900,711800,0,3000,0
28,10,948100,40300,39400,851200,714400,100,3000,200
29,10,933300,31700,31600,848200,710500,100,2900,100
0,11,32714400,37500,51100,2396700,2187400,300,30070700,2800
1,11,11186400,40900,31900,999600,859800,100,10092700,300
2,11,2538400,35900,40500,876400,738100,100,1569800,200
3,11,2234300,35600,32100,866400,729700,100,1285500,200
4,11,22193600,41600,34800,2147100,1997600,100,19939500,200
5,11,16126400,93800,51900,1078500,934000,200,14864200,300
6,11,4091200,55000,31700,886500,749000,200,3093800,200
7,11,3374700,33200,56600,994200,838100,100,2272300,100
8,11,9244400,57800,37900,1079200,937100,200,8030300,200
9,11,9929600,72800,68200,1021000,872100,200,8735200,200
10,11,2365200,65300,33500,868400,731800,200,1312300,200
11,11,1970000,39100,43600,890300,753400,0,972100,200
12,11,2211000,40400,29800,974200,833300,100,1141000,100
13,11,9081600,42100,45800,1008900,863600,300,7946500,100
14,11,993900,43100,41800,886400,748800,200,3100,200
15,11,977300,51000,46500,863500,727300,100,2500,100
16,11,1017400,39200,41900,898300,761500,100,2500,200
17,11,969900,39500,37500,862800,725500,200,2500,200
18,11,974300,33400,34600,855000,720300,0,2900,0
19,11,978700,35200,22100,852800,718200,100,2600,100
20,11,979300,20800,41200,903100,755000,100,1900,100
21,11,1161900,41600,31300,895500,750900,100,3500,100
22,11,1199500,51700,48500,858500,721400,100,3100,200
23,11,986200,52600,35400,864600,724200,200,1800,0
24,11,984700,45100,61700,863900,727000,100,2900,200
25,11,945800,31800,37200,863200,726100,100,3100,0
26,11,945300,39100,35500,860800,724400,100,2000,0
27,11,931500,30900,34600,853000,718100,100,3000,200
28,11,938200,36900,33200,854900,718700,200,2900,100
29,11,959300,54900,27300,853900,718700,0,2500,100
0,12,31730700,51700,73000,2611500,2387700,300,28840200,2500
1,12,11486000,34100,38900,1025400,885000,100,10366700,100
2,12,2537800,31300,41500,871600,731400,200,1577500,100
3,12,2321100,34400,50600,858500,715700,200,1367400,100
4,12,21890700,65400,59700,1807500,1666200,300,19921700,300
5,12,15531400,43700,32200,946300,801900,300,14473600,200
6,12,4468900,47500,30600,896000,754500,100,3462600,100
7,12,3619400,33300,28100,987100,838200,300,2551500,200
8,12,9224900,57400,31300,1197100,1046600,100,7904800,100
9,12,9758500,81000,38900,918600,774800,200,8689600,300
10,12,2392700,61700,29500,926700,786200,200,1290600,100
11,12,1959600,43500,46200,859900,721500,100,987600,100
12,12,2150200,36000,43600,858200,719000,100,1189200,100
13,12,8585100,23700,38700,887400,749300,300,7614700,100
14,12,971400,37300,51800,858000,719900,100,2500,200
15,12,955500,45200,35900,854200,715400,100,2200,100
16,12,985100,43900,46900,858200,717500,100,3000,200
17,12,978200,34500,55000,859600,716700,100,2600,100
18,12,972400,36900,28600,852100,714100,0,3600,100
19,12,997400,33600,30000,871600,731000,100,2100,100
20,12,945600,34200,42200,850400,712100,200,2700,100
21,12,1114900,56600,43200,848600,710000,100,2000,0
22,12,1148000,46800,42200,851200,713000,100,1900,100
23,12,957800,44400,34000,849400,711800,100,3000,100
24,12,956700,37600,53400,852800,716100,100,3500,300
25,12,902000,22100,22400,848000,711000,200,3100,100
26,12,925500,35300,32600,847600,710700,0,3100,100
27,12,950800,50800,31200,858300,719300,100,2900,100
28,12,945400,42900,37500,849000,711300,100,3300,100
29,12,930900,33900,20600,853900,714500,100,2900,100
0,13,30932400,48300,59100,1435700,1285800,100,29240900,2400
1,13,11442000,60200,163200,891900,754500,300,10305200,300
2,13,2625300,31100,31700,989300,850800,200,1557800,100
3,13,2002100,43500,36300,902200,763400,100,1009200,100
4,13,23012900,56900,39100,2596100,2380700,100,20285100,400
5,13,15774100,68400,57200,1256300,1083600,200,14349800,300
6,13,4545000,53600,23100,1137300,985000,200,3301900,200
7,13,3622200,53600,40100,969200,827000,100,2534700,200
8,13,9387500,62900,33000,1018800,876200,200,8236300,100
9,13,9729200,65700,41900,996800,857100,200,8592400,200
10,13,2318200,51100,58700,898100,760900,200,1216500,200
11,13,1970200,57100,49700,866500,723700,100,969500,200
12,13,2206300,40700,33100,953600,797100,100,1150800,200
13,13,8548400,45400,28300,913700,776500,200,7536700,100
14,13,963900,37300,39400,860700,719100,200,3100,200
15,13,956800,36000,34900,867700,727800,100,3300,200
16,13,1002100,35800,63500,868100,731000,100,2500,200
17,13,1099900,67200,135700,867800,725700,200,3100,100
18,13,968900,36000,31900,850700,713400,200,3500,100
19,13,984300,31700,41600,845500,709300,100,2500,200
20,13,932300,25500,38900,850800,713700,100,2900,100
21,13,1093200,30600,41500,851100,713200,100,2800,0
22,13,1133900,41400,37900,849600,712800,100,3300,100
23,13,950500,38800,28800,849300,711100,100,2900,100
24,13,905200,29300,17800,848400,711700,100,3000,100
25,13,960300,47100,28600,875400,737900,100,2100,100
26,13,965700,37000,61100,853000,710300,100,2500,300
27,13,933500,35400,32300,852100,711200,100,3400,200
28,13,932900,35300,32400,850800,713400,100,3000,100
29,13,965500,44800,51400,850100,708500,100,2600,200
0,14,31987200,47900,58700,1659400,1510300,200,30055400,2500
1,14,11488900,56000,30600,902700,761600,200,10470600,200
2,14,2562500,30400,29800,860000,722100,200,1627700,100
3,14,1994200,41800,38700,878200,740600,200,1020600,200
4,14,21918300,35400,46200,1927600,1788800,100,19881900,300
5,14,15449400,34000,33700,1044100,886500,100,14300800,100
6,14,4343500,45300,35700,966200,828100,300,3266900,200
7,14,3291000,45900,68400,858300,722400,200,2297800,200
8,14,9150700,93400,32000,994300,857400,100,7990000,200
9,14,9761300,64200,27400,988900,847300,200,8661700,200
10,14,2383600,36800,43700,977800,822500,200,1245600,200
11,14,1916400,29900,34100,846000,709800,100,979400,100
12,14,2103000,26500,54800,847900,711700,200,1156200,0
13,14,8664900,48800,53300,943900,801900,300,7593400,100
14,14,959200,48100,28800,851500,711400,100,2900,100
15,14,945500,38700,41800,841900,705400,100,2900,100
16,14,972500,43700,40300,852100,712400,100,2500,200
17,14,938700,27300,37400,843100,707300,100,3400,100
18,14,929200,36200,29100,840600,704700,100,3000,100
19,14,954400,26500,51700,847400,711800,100,2600,100
20,14,1082100,38700,17500,947300,810800,100,2900,100
21,14,1155000,28800,47700,867800,730900,200,2100,100
22,14,1177000,66600,35900,859400,719900,100,2600,100
23,14,997400,46400,35900,877800,741000,100,2900,100
24,14,932400,36700,41900,843800,706800,100,2500,100
25,14,926400,29200,42200,845600,709300,0,1800,100
26,14,908900,28700,28000,840700,704500,200,2900,200
27,14,937100,36200,42300,845600,710200,100,2900,200
28,14,951300,36400,44700,858100,721600,100,2900,0
29,14,1037100,121000,32300,867800,728200,100,2300,0
0,15,32281300,84100,74300,2298500,2148600,200,29637300,2800
1,15,11405500,42300,26100,1000200,858100,100,10302900,300
2,15,2471300,30900,38600,892200,753100,100,1488700,300
3,15,2144600,36600,31200,853900,717100,0,1213500,100
4,15,22024300,45900,32400,2082900,1941200,100,19835100,200
5,15,15859300,59600,54900,1002300,854400,100,14703500,200
6,15,4408900,37700,30400,898000,761100,200,3412300,100
7,15,3456700,63400,32600,924500,786100,100,2418200,400
8,15,9334200,67700,41300,1038600,900100,200,8148900,200
9,15,9644600,76100,35200,924500,786400,100,8588200,300
10,15,2336700,40100,69100,876100,736300,100,1269500,300
11,15,2091600,28500,48500,866700,729600,100,1119100,200
12,15,2205800,23300,42700,859200,720000,100,1259900,100
13,15,8637600,74500,41000,1003600,843700,200,7490800,100
14,15,989800,38400,44500,866800,730000,100,2900,200
15,15,942700,28700,36500,851400,714500,0,3200,200
16,15,985300,51400,41900,858900,720400,100,2800,100
17,15,957900,26000,56200,849900,713200,100,3100,100
18,15,952800,35400,37000,855100,718700,100,3000,0
19,15,950600,31700,33700,854300,715400,100,2600,100
20,15,1002900,27900,37600,856300,720700,100,2500,100
21,15,1106100,67500,23500,853900,716600,200,2200,0
22,15,1131600,31600,44500,853400,716300,100,3000,200
23,15,957800,44400,34000,851000,714500,100,2400,100
24,15,936000,30100,40100,853100,716400,100,2900,100
25,15,957300,54800,38100,853800,712600,200,3000,0
26,15,960000,57300,39700,853000,715900,100,1900,0
27,15,938500,41700,33000,853100,717200,100,3000,100
28,15,943500,33600,35900,857500,719100,0,2600,100
29,15,924700,32700,19800,852200,713400,100,2900,100
0,16,31820400,55900,53400,2618400,2391700,200,28933700,2200
1,16,11529800,31700,32300,1156600,1016300,200,10292400,100
2,16,2528100,29300,38700,901600,758600,200,1540800,100
3,16,2393000,43200,41200,998800,838600,100,1297300,100
4,16,22144200,41500,26800,1687200,1543500,100,20358300,600
5,16,15825300,34200,49000,1080100,915900,300,14628300,200
6,16,4289200,31600,75800,877200,735300,200,3280200,100
7,16,4030900,53400,38900,991000,844200,200,2922900,200
8,16,9210700,35600,29900,1016700,874900,100,8096100,0
9,16,9583800,38700,39300,898700,756900,200,8580100,200
10,16,2315900,61800,45200,866000,725000,100,1257100,200
11,16,1991300,52400,57500,902100,762300,100,955800,200
12,16,2130500,44300,46200,871400,726500,100,1142000,200
13,16,8676200,33300,49400,1045000,894200,200,7522700,200
14,16,1028800,32700,37200,930800,779000,100,3000,200
15,16,974800,38100,41800,873900,734000,100,1900,100
16,16,985000,36800,44500,867300,723300,100,3500,200
17,16,994900,38800,39600,885900,742900,100,3300,100
18,16,1099400,32200,20600,1001000,861000,100,3200,100
19,16,1017200,51200,29500,871100,728200,100,3000,0
20,16,974400,45800,43700,867900,729100,100,3100,100
21,16,1125200,54200,32300,866300,727000,100,2900,100
22,16,1133700,24400,34500,865700,725100,400,2400,100
23,16,970300,30400,44600,866800,728600,100,1400,100
24,16,959000,46200,33500,867200,728500,100,2700,100
25,16,950000,42100,39300,860600,721100,100,1800,100
26,16,983800,41800,57200,874700,730500,100,2800,100
27,16,960700,39200,42800,868000,725300,100,3000,100
28,16,956100,56200,33700,855700,717700,100,2300,0
29,16,955700,35900,37700,864000,725300,100,1700,100
0,17,31834700,51200,73200,2047900,1857100,400,29499900,2500
1,17,11080500,35100,31000,1082500,945200,100,9915000,100
2,17,2567200,43800,38800,883100,746200,100,1586000,200
3,17,2295300,57300,38400,873200,733500,100,1312000,100
4,17,22322500,42500,63500,2213400,2056100,100,19976600,300
5,17,15619200,75300,76400,1060200,906100,100,14370600,300
6,17,4430300,74000,57900,896700,759800,100,3376000,200
7,17,3414700,56900,35300,895400,756300,200,2405100,200
8,17,9245700,56600,41700,1108900,963700,300,7995600,300
9,17,9983200,94600,44900,1003300,858200,300,8816700,200
10,17,2309700,51400,58000,871600,731100,200,1240000,200
11,17,1915300,33200,37400,858800,724200,200,960200,200
12,17,2094300,40400,31700,871100,731600,100,1137500,100
13,17,8540700,34500,38000,1018400,862200,200,7429000,200
14,17,980200,47200,49700,861300,725600,200,2700,100
15,17,1041200,37100,20800,962500,827500,100,3500,200
16,17,999200,41200,41100,874900,738800,200,3400,200
17,17,989900,48600,45300,861100,725600,100,2900,100
18,17,997500,34500,43100,867100,728100,100,2900,100
19,17,1015200,48200,37000,862000,723400,100,2500,100
20,17,943900,38600,28000,858100,723300,100,3300,0
21,17,1090200,30600,39100,858700,724100,100,2000,0
22,17,1128600,32600,22800,859500,724100,0,3000,100
23,17,962700,32200,41700,855700,719800,100,1900,100
24,17,972000,42600,49600,870800,736500,100,2500,0
25,17,982000,59700,35500,879400,744900,200,1600,0
26,17,939000,36100,30000,862400,727000,100,2900,0
27,17,940100,36800,38200,855100,721100,0,2300,100
28,17,932200,35700,24400,860700,724700,200,2900,0
29,17,945300,33700,32300,860700,725800,100,2100,100
0,18,31637400,37700,79200,1534000,1371500,200,29823700,2300
1,18,11637400,40800,30700,1121500,963600,200,10426100,100
2,18,2629300,29600,50400,884800,747500,100,1648000,300
3,18,2052800,39800,45900,917500,779700,0,1037100,200
4,18,21698500,39600,47600,1511600,1370500,200,20076600,300
5,18,15385300,32400,64100,924600,785600,200,14337700,100
6,18,4212000,27200,43400,887400,749200,200,3236100,200
7,18,3448800,36400,56700,892100,753900,100,2443700,100
8,18,9047700,32100,27500,939100,802100,200,8018600,0
9,18,9807000,53400,31400,997300,853400,100,8699700,100
10,18,2231600,55700,60500,869000,730700,200,1162200,200
11,18,1914400,46700,29100,870700,728900,100,945500,200
12,18,2150700,41900,46700,884600,746900,100,1150900,200
13,18,8227500,40100,52700,903700,761800,100,7209000,0
14,18,965500,40900,33200,869400,731100,100,3400,100
15,18,973800,19700,29000,905000,753900,100,3000,100
16,18,985600,36600,27300,882600,743900,200,3100,100
17,18,999200,37300,56700,870800,733500,200,2100,200
18,18,1014500,39100,60100,873800,735400,100,2700,200
19,18,1009700,32800,41300,866100,729100,100,1600,100
20,18,994400,32200,47100,897600,755800,100,3200,100
21,18,1139200,37900,56300,867300,729500,100,3200,200
22,18,1175400,40300,39800,871500,732300,100,3200,200
23,18,1014500,42700,48400,889900,752400,100,1800,100
24,18,963800,42700,39100,869100,731100,200,3400,200
25,18,963300,27900,35200,888500,746800,100,3000,100
26,18,960300,38900,47100,863800,727200,100,2600,100
27,18,957600,44000,33800,867800,729900,100,2500,100
28,18,1010100,37200,37100,925600,788100,0,2200,0
29,18,956900,29300,34100,872600,732700,200,2700,0
0,19,32122400,51200,81500,2223500,2076000,300,29601300,2700
1,19,11410500,39400,44700,922500,785600,200,10383800,200
2,19,2363000,28300,28800,855900,720300,200,1438700,100
3,19,1935200,31500,35600,880400,742500,200,974300,200
4,19,21948400,51300,58100,1909400,1758400,200,19895200,300
5,19,15694800,53700,31900,1050000,902400,200,14519300,200
6,19,4267500,56900,35200,883500,743400,300,3256700,300
7,19,3625200,42700,60600,937300,795700,200,2559400,200
8,19,9158100,59400,51900,1132700,994000,300,7871000,200
9,19,9816600,63400,55500,889400,747300,100,8785700,200
10,19,2175000,38400,31200,845400,710200,100,1182300,200
11,19,1888700,32900,42200,852300,714900,200,942000,100
12,19,2199000,40600,51600,946900,790600,100,1138100,200
13,19,8444100,50700,58600,889000,748900,200,7418800,200
14,19,971100,44300,31000,864000,725400,200,3600,200
15,19,932700,26300,30900,857600,720300,200,3400,200
16,19,968500,39900,44200,846600,710700,100,3400,200
17,19,965100,31600,51400,851200,714500,200,2500,200
18,19,986300,37400,56300,847400,710900,200,2300,100
19,19,998900,43100,41200,849500,713500,100,2800,100
20,19,952700,48000,36600,848600,710700,100,3200,100
21,19,1089300,50200,37600,842400,706000,100,2500,100
22,19,1243500,41100,46900,950800,814000,200,2700,0
23,19,1008900,51500,63500,856600,714400,100,3100,200
24,19,930400,39200,33700,844200,708800,100,3100,100
25,19,926800,40900,26400,849500,713000,100,3000,100
26,19,944800,42600,46100,846200,709700,100,2100,100
27,19,940500,33400,51900,846200,710500,100,2300,0
28,19,932300,40900,28700,851100,708000,100,2900,100
29,19,938800,34400,39600,846900,710400,100,1800,0
0,20,32873300,50100,56200,2300300,2097000,200,30300000,4900
1,20,12212700,44400,47300,1072500,928900,100,11018200,100
2,20,2902700,50300,36900,1122800,861100,200,1673000,200
3,20,2619900,44200,36300,972000,822600,100,1552200,200
4,20,21585200,35500,48500,1322500,1182500,100,20152900,400
5,20,15729900,35900,48000,1089500,938500,100,14525900,600
6,20,4242100,37500,46700,922600,784300,200,3208600,200
7,20,3583400,32600,40200,976500,830500,100,2518500,200
8,20,9284200,57900,34200,1065300,927200,300,8086100,200
9,20,9902600,106700,32900,876300,735700,200,8864700,300
10,20,2476500,64300,35600,856700,719300,200,1428600,200
11,20,2094900,40800,20600,855600,718400,200,1152500,100
12,20,2208000,24900,37300,853000,714000,200,1270500,200
13,20,8898200,73800,33000,1013700,858500,200,7755200,200
14,20,1044300,65800,46800,907500,768600,200,3600,200
15,20,988200,35400,62400,860900,719800,200,3100,100
16,20,955500,32900,35700,853000,715400,100,2400,100
17,20,956500,22900,44300,853700,715900,100,3200,200
18,20,955600,36700,34500,851100,714300,100,2800,100
19,20,950600,27600,42100,847000,711700,100,3400,200
20,20,1015700,49000,42200,847800,707300,100,3100,100
21,20,1099500,27500,40700,858500,722100,100,2700,200
22,20,1159500,15500,63400,873400,736100,200,3000,200
23,20,942400,34600,18600,852300,715100,100,2800,0
24,20,939700,30600,47600,847700,710900,200,2900,200
25,20,946100,34500,50000,850100,714200,100,3000,100
26,20,932900,37900,37100,849600,713200,100,1800,100
27,20,926200,35500,32600,849600,714000,100,2200,0
28,20,930800,29000,38400,850800,714000,100,2500,100
29,20,923800,25700,35900,849000,712700,100,2500,100
0,21,30929200,69200,68200,1458200,1308700,100,29183600,2400
1,21,10913400,35200,46300,1005500,866900,100,9806000,300
2,21,2637200,64100,28300,988700,851200,100,1543300,100
3,21,2042900,26000,26800,856600,720500,200,1125400,100
4,21,22343700,79500,38100,1941400,1774200,100,20243200,700
5,21,15633500,35200,47900,1040500,894600,300,14466900,300
6,21,4333300,35200,31000,887200,749000,200,3348900,300
7,21,3677200,56400,57600,991500,846200,200,2551000,100
8,21,9134000,81100,47500,1050300,908000,100,7918600,200
9,21,9593700,29500,40100,1009100,850700,200,8485800,300
10,21,2194600,46300,38300,866800,723300,200,1152400,100
11,21,1904300,21900,41500,858600,721600,200,957800,200
12,21,2106300,43900,41000,870300,732500,200,1135800,100
13,21,8342600,77900,52400,972400,829200,300,7220700,200
14,21,977300,59100,28600,867800,729400,100,2700,100
15,21,990800,45400,60700,864600,723200,100,2700,200
16,21,977800,39400,28900,869500,728300,200,3200,100
17,21,976500,45300,33700,864000,723900,100,2200,100
18,21,985700,31000,36800,866400,727800,100,2500,100
19,21,1016200,42800,50200,860500,722600,200,2300,100
20,21,935300,26100,36700,852900,716500,100,3600,100
21,21,1121600,32600,37300,888100,751500,100,2400,200
22,21,1148500,40700,54700,857100,719900,100,2600,100
23,21,945000,26200,30800,856600,719600,100,3000,200
24,21,951000,42200,36200,862200,724400,0,2600,100
25,21,943800,37300,35100,860900,722600,100,3200,0
26,21,943500,27600,38000,866800,728600,100,2700,100
27,21,985800,53700,56000,861300,723000,100,2700,200
28,21,957900,45500,37500,858200,717900,100,3500,100
29,21,963300,50400,27900,860100,720000,100,3400,100
0,22,30873700,40000,49700,1505100,1341000,300,29130500,2400
1,22,10962700,32000,31000,996900,857500,200,9885900,100
2,22,2683800,34200,59800,983800,827800,200,1593300,100
3,22,2234500,26300,49200,863300,725700,200,1288200,100
4,22,22308900,59800,42000,2025800,1860700,200,20145300,400
5,22,16874000,53500,34700,1178300,1033900,200,15562800,300
6,22,4999500,77700,29800,1016600,874700,200,3846200,300
7,22,4010100,54600,39200,982900,844200,300,2904100,300
8,22,9247400,30000,59300,1033400,889100,200,8088800,200
9,22,9813900,54600,34600,981500,842300,100,8713400,200
10,22,2241300,36000,46100,875600,737400,300,1191700,100
11,22,1938500,39600,47200,871400,733500,100,955000,200
12,22,2123500,43000,24900,874000,736200,100,1155000,200
13,22,8843300,72200,43400,989000,845200,200,7712400,200
14,22,973100,34600,39000,869500,727900,200,2900,200
15,22,953900,36200,38200,863000,724700,0,2600,0
16,22,986000,37400,35300,876800,739200,100,3200,100
17,22,947700,40300,26600,854500,717900,200,2000,0
18,22,972100,37900,28400,859800,722300,100,3000,200
19,22,998400,30300,39100,856400,718400,100,2400,0
20,22,967500,37700,25100,886800,748600,0,3200,0
21,22,1117400,30200,45500,863800,725100,100,2400,100
22,22,1139700,41400,29500,855100,717300,100,2800,100
23,22,980000,44800,45500,858200,720600,100,2500,100
24,22,931300,29300,33700,856900,719300,100,3000,100
25,22,947600,27700,44500,865800,727400,100,2300,100
26,22,953000,34700,41900,861500,721400,100,3000,200
27,22,933100,32200,33500,855200,718700,0,3000,100
28,22,946400,38700,35700,859300,720700,0,2200,100
29,22,962800,31400,51200,860700,723600,100,1500,100
0,23,33739000,68100,80800,1742500,1595200,200,31690400,2900
1,23,11389700,37500,37300,958700,822000,200,10337400,200
2,23,2548300,41900,42600,871600,733200,100,1575200,100
3,23,2138300,54000,49600,934200,780600,100,1080300,200
4,23,22102900,78400,39600,1769800,1627400,200,20174200,500
5,23,15778900,38500,97100,953500,814900,300,14653800,100
6,23,4786600,29800,28300,1022500,859300,100,3677900,500
7,23,4533100,29200,39300,907400,769500,200,3526600,200
8,23,9202500,40000,40600,948000,810000,200,8134300,200
9,23,9821900,69200,21300,949300,811800,100,8750000,200
10,23,2238100,27500,33900,854600,718500,200,1236800,100
11,23,1916400,34800,28400,853400,716600,100,974000,100
12,23,2193300,35300,39700,951700,796500,200,1141400,200
13,23,8837400,56800,86600,935700,792400,200,7734200,100
14,23,963300,37800,37400,863300,727000,200,2500,200
15,23,949700,40100,37900,850100,709900,100,3100,100
16,23,972300,52900,34700,851200,715400,100,2800,100
17,23,945600,35800,35300,848300,711600,200,2400,100
18,23,975500,48400,32100,846700,711700,100,3000,200
19,23,995700,35900,37000,850800,714700,100,3100,0
20,23,955800,29900,59500,845900,709600,0,3200,200
21,23,1075900,33100,34400,845200,709700,100,2400,100
22,23,1139800,50000,39100,848800,709200,200,3000,200
23,23,945600,34000,34900,846600,709900,100,2000,100
24,23,917100,26400,28400,850900,715400,100,2400,100
25,23,961600,46200,35200,869600,720200,200,2300,100
26,23,962800,41700,64500,846100,711200,100,2600,100
27,23,898000,15500,27900,844300,709200,100,3000,0
28,23,932000,28800,39200,851300,715000,200,2600,0
29,23,937100,32100,40700,845100,710100,100,2300,100
0,24,30942000,60400,61200,1489300,1338800,100,29181900,2400
1,24,11446600,36000,46100,912200,771900,200,10429000,200
2,24,2549400,48400,44400,878500,736300,200,1563400,100
3,24,2263400,42800,61900,923700,777000,100,1221600,200
4,24,22943800,52200,33700,2501300,2274500,100,20315400,500
5,24,15913900,56900,43500,1300900,1125400,100,14475000,300
6,24,4605100,55400,28600,1057400,913200,300,3437000,500
7,24,3738000,38000,33400,972100,833000,100,2670600,200
8,24,9139200,40900,80300,974500,834400,100,8007700,200
9,24,9620700,51000,28800,894000,754500,100,8623600,200
10,24,2203800,31600,25300,856000,717600,200,1203200,100
11,24,1954900,37500,35600,892700,754000,100,969100,100
12,24,2145300,51000,41300,857600,718200,0,1173500,100
13,24,8427800,31400,35000,1003600,845000,400,7335500,100
14,24,995400,42200,65100,858700,715300,100,3900,200
15,24,976600,38600,49800,870700,731800,100,2600,100
16,24,954700,24800,43600,854700,716900,100,2700,100
17,24,971000,41300,38300,857100,714800,100,2500,200
18,24,1008400,44500,30300,890100,751300,100,2400,100
19,24,1036200,35400,57500,876800,737200,100,3300,100
20,24,947900,31400,45500,856200,716500,200,2300,100
21,24,1111400,40800,34800,869200,731000,200,3400,100
22,24,1136700,30600,38000,855400,716000,100,3200,100
23,24,950800,26900,35600,858100,715500,100,2500,100
24,24,1141500,200900,57100,869900,730200,100,3100,200
25,24,937200,33600,38000,855500,718000,100,3000,100
26,24,930800,36300,27000,855900,716600,100,2500,100
27,24,932200,26400,40800,854600,716300,100,2200,100
28,24,957700,42700,44800,858700,718600,100,2300,100
29,24,944800,35000,29300,854700,716300,0,3200,100
0,25,31553700,36100,65100,2495700,2274800,300,28797000,2600
1,25,11339700,28300,47000,1157600,1021300,200,10089800,100
2,25,2552700,29100,31400,967000,829200,300,1512600,200
3,25,1965900,27900,72100,844400,709600,300,1013500,100
4,25,21893900,47300,26700,1981900,1841100,300,19805600,200
5,25,16042000,41000,68000,1051400,912100,100,14840200,400
6,25,4622600,35000,39400,954800,803300,100,3569800,100
7,25,4166300,38800,29000,950200,810000,200,3120900,300
8,25,9033600,59300,45300,949600,813000,100,7939300,200
9,25,9768700,52300,55500,977100,833800,200,8658500,100
10,25,2367300,68100,48200,945400,790800,100,1219300,200
11,25,1976200,31200,57900,850400,709200,100,1014300,100
12,25,2131100,41300,49300,869300,733200,100,1147500,200
13,25,8695100,50900,27900,917600,775300,200,7676000,0
14,25,981100,54300,52500,848900,713200,100,3000,100
15,25,955900,36400,37900,858400,717700,100,2900,200
16,25,940300,30100,32800,842100,706800,100,2600,100
17,25,934900,31100,37500,841200,704900,100,2800,100
18,25,1033000,97900,29100,866600,725500,100,2300,0
19,25,993700,38000,44000,845300,708300,100,3500,100
20,25,914600,24900,30100,842700,706400,100,3000,200
21,25,1075400,28500,30800,842600,706900,100,3000,200
22,25,1108900,19700,28100,840700,704100,100,3200,100
23,25,955400,36300,43000,838700,702200,100,2600,100
24,25,924400,43700,31800,840100,703800,100,2600,100
25,25,939100,33300,48300,849300,712900,100,2300,100
26,25,937100,42500,30600,852800,711800,100,2900,0
27,25,951300,35200,59600,846600,709900,200,3000,100
28,25,940200,31300,39200,858800,707800,200,2400,100
29,25,970300,41900,56500,849100,708000,200,3400,300
0,26,31076100,54700,103000,2037400,1884300,200,28704000,2400
1,26,11439000,35700,78300,986400,846300,200,10315600,200
2,26,2491100,39400,38800,1006300,853100,100,1390400,100
3,26,1937500,37900,42600,871300,734200,100,971800,200
4,26,22008500,52200,31300,2046500,1907900,300,19852600,300
5,26,15691400,46000,41000,1014000,874300,200,14560000,200
6,26,4548900,98900,35200,941800,797600,100,3446800,200
7,26,3722900,67300,30900,1018200,862000,100,2586300,200
8,26,9149300,19000,43800,1027500,890600,200,8023600,100
9,26,9768700,47700,41100,1042500,882800,100,8614300,100
10,26,2315400,61100,45300,878100,740200,0,1235100,200
11,26,2090400,35200,43600,917400,780100,100,1067700,200
12,26,2146400,40600,40900,883100,742800,200,1150500,300
13,26,8500600,48100,39100,889200,751800,100,7510500,100
14,26,950700,29400,26600,875600,739800,100,2500,100
15,26,970900,42200,36200,870700,733500,0,2800,100
16,26,975300,27500,34100,871900,734900,100,3200,100
17,26,1013300,45600,61900,866900,730400,100,2900,200
18,26,1013600,53400,29800,884000,731900,100,2600,200
19,26,1007400,37300,34000,867100,731400,100,2800,200
20,26,963800,27300,49200,870900,734800,100,2400,100
21,26,1100700,30700,39400,866300,730400,100,2900,100
22,26,1139000,36000,40300,861000,725600,200,2800,100
23,26,961200,29400,33900,865200,729400,100,2600,100
24,26,955800,43400,31200,872900,732800,100,1800,0
25,26,1001900,50100,71000,868300,730600,200,3100,100
26,26,975400,52200,41800,867600,727500,100,2600,200
27,26,978600,27400,35300,903900,761900,100,2500,0
28,26,966100,42000,34000,872800,736200,200,2700,200
29,26,964700,36900,30500,871000,729000,100,2600,100
0,27,31802400,40800,97600,2434500,2227000,200,29056200,2400
1,27,11563400,30800,49100,1132200,994900,100,10327100,300
2,27,2700600,42300,36700,1018800,882200,200,1583800,100
3,27,2396100,47300,77600,922600,786100,100,1334300,100
4,27,21933200,62600,40100,1913100,1774700,200,19885400,100
5,27,15658200,80200,28000,1024000,881700,200,14488200,200
6,27,4462800,57600,37600,1017800,881300,100,3321400,100
7,27,3944100,30100,44000,902400,766900,200,2949600,100
8,27,9193700,40700,53400,1055200,899700,200,8001200,100
9,27,9613300,150200,52100,969200,829500,200,8424200,300
10,27,2282300,37200,27900,873100,737100,200,1264300,200
11,27,1932000,41200,35000,867500,731300,100,962400,100
12,27,2170200,50200,43900,893700,754200,200,1160900,100
13,27,8320800,46900,29500,914200,779300,100,7306300,100
14,27,997700,28100,49500,892500,753100,100,2900,0
15,27,1041100,61600,31800,919300,781000,200,3000,100
16,27,1024100,34000,54700,895600,756000,100,2700,200
17,27,968600,33500,35400,868800,732800,100,3400,200
18,27,965600,34700,39400,864900,731200,200,2500,0
19,27,988100,40600,46400,869900,733200,0,3100,100
20,27,1022800,38500,38800,864400,729300,100,3100,100
21,27,1098800,33600,32100,862800,728200,100,3000,100
22,27,1141800,36500,31600,863000,727700,100,3300,100
23,27,1043100,29900,33800,942300,774600,100,2900,100
24,27,944500,25600,34900,871800,737300,100,3400,200
25,27,979600,41000,43200,881800,743300,100,2600,200
26,27,958800,35700,42300,870100,731400,200,1900,100
27,27,977100,41600,46300,874900,734800,100,3300,100
28,27,939100,29900,32700,863700,729100,100,2900,100
29,27,962500,30900,47300,867600,732700,200,3100,100
0,28,31000500,79400,75500,1928300,1779100,100,28737600,2400
1,28,11267700,33600,45400,902500,763800,200,10266100,200
2,28,2639000,78500,62400,940300,801500,200,1542800,100
3,28,2358900,27300,56700,866300,728000,200,1393200,200
4,28,21846900,66200,39700,1910800,1757800,200,19797300,800
5,28,15562700,80500,39900,1018600,873600,200,14385100,500
6,28,4485400,50100,60600,1056500,898600,100,3287900,300
7,28,3548000,70700,54700,937000,793700,200,2469200,300
8,28,9178500,77900,47300,976000,831400,100,8036800,300
9,28,9642100,32400,46600,1029600,889500,200,8510000,200
10,28,2365700,36400,43500,983300,824300,200,1232700,100
11,28,1966900,40800,46200,858200,719300,100,994200,200
12,28,2086300,34100,33800,857900,718600,100,1136400,200
13,28,8815900,46500,34400,1152800,904500,300,7553200,300
14,28,1037000,49100,61000,897300,758600,200,2900,200
15,28,957300,33700,41300,859500,720600,100,2100,100
16,28,953200,30400,28800,854800,715900,200,4100,200
17,28,976400,53500,35300,859800,722000,100,2600,100
18,28,975200,47600,44600,857600,718900,100,2600,100
19,28,949800,33800,38400,854300,717100,100,2600,100
20,28,999000,31800,32300,851200,713900,100,2900,100
21,28,1100000,35600,37300,854100,716400,100,2500,100
22,28,1128900,21500,35000,859900,721900,0,2300,100
23,28,986500,75100,24400,857500,719800,100,3000,100
24,28,931100,30100,34200,858300,720200,100,2200,0
25,28,935200,39700,29500,855200,717000,100,2700,100
26,28,992600,58300,32300,877200,739000,300,1800,100
27,28,946100,30700,52300,855400,717000,100,1300,100
28,28,936200,31500,36400,854800,717800,0,2400,100
29,28,944600,36100,31800,856700,718500,100,2500,100
0,29,31496200,75400,62200,2061600,1914900,200,29135800,2400
1,29,12413700,60800,40300,1011100,873000,200,11277700,300
2,29,2635500,63200,22400,987800,846100,100,1542300,200
3,29,2068400,26000,36700,857400,721900,100,1133400,100
4,29,22747200,44600,21400,2664800,2442600,100,19989700,300
5,29,15789700,78900,32400,1131900,990400,200,14510500,300
6,29,4478300,29800,59800,979600,842700,200,3385800,100
7,29,3686200,47500,37700,882600,745800,300,2697100,200
8,29,9091500,72500,25900,1068900,911400,200,7885700,100
9,29,9710700,45600,37400,1005000,848100,200,8592800,200
10,29,2364300,87100,71000,865100,726300,100,1251400,200
11,29,1901300,36200,39200,860700,724600,100,940100,200
12,29,2171100,49700,32300,856100,720900,100,1208000,200
13,29,8921200,56200,33000,982100,839900,200,7825700,100
14,29,963700,31200,29700,873300,736700,100,3500,100
15,29,961400,47400,28700,865400,729100,100,3400,100
16,29,988700,45200,54400,853800,717300,0,2800,100
17,29,970800,33300,50100,859500,724400,100,2300,100
18,29,966600,24600,45900,854000,719300,100,2600,100
19,29,1043600,40900,59100,878200,742700,100,1700,100
20,29,942500,24900,48700,853700,717300,200,3000,100
21,29,1097800,30200,41700,866800,730800,100,2900,100
22,29,1147200,37600,42500,872400,736100,100,2500,200
23,29,979100,45700,39200,859800,719700,200,2500,100
24,29,952700,27500,55700,855800,719500,0,2900,200
25,29,915600,29600,25200,850600,715700,200,3100,100
26,29,949900,53800,27400,856900,720700,100,3200,0
27,29,951000,33800,44300,863100,723700,100,2000,100
28,29,952700,54100,28300,856500,720200,100,3000,100
29,29,947700,26200,43400,852400,717400,100,3500,200
0,30,33103300,76600,110300,2242700,2043400,200,30494600,2600
1,30,11386100,60400,60700,1012700,869300,100,10231500,100
2,30,2705200,49300,24500,1024100,885600,100,1595700,100
3,30,2034000,55500,58000,864300,726600,100,1042500,200
4,30,21683600,62600,54900,1465200,1319300,100,20072000,500
5,30,15196600,31400,39100,930500,791300,200,14165500,100
6,30,4216500,71500,35400,871100,731700,200,3219300,200
7,30,3762100,41000,47500,872000,731500,200,2781000,100
8,30,9174400,77200,32700,982800,843600,300,8043100,100
9,30,9721300,57800,33600,999600,845700,200,8604000,300
10,30,2214800,35600,46000,862200,723800,200,1192000,200
11,30,1966900,29800,39600,917100,775600,100,955400,200
12,30,2119300,45900,49700,854600,716700,200,1142900,200
13,30,8475800,73500,46800,1009100,850700,200,7320700,200
14,30,970500,28900,47900,864500,727500,100,3100,100
15,30,938300,33500,33700,854600,717700,100,2900,0
16,30,982400,44800,50700,857700,719800,0,3200,100
17,30,937400,15500,38000,853500,716700,100,3300,100
18,30,1016300,58700,27300,896300,756900,100,2400,100
19,30,1072600,21300,46600,932700,758800,100,3000,200
20,30,1002900,42400,21300,918100,779200,100,3100,100
21,30,1147000,42600,31600,897400,754400,100,3100,200
22,30,1124800,33500,27000,855900,719700,100,3300,100
23,30,972300,42500,37100,859300,722000,100,2300,100
24,30,943100,25800,48000,854900,717700,200,3200,100
25,30,943600,43600,30200,857200,718800,100,3100,100
26,30,935200,32100,35600,854100,716900,0,2900,200
27,30,1035200,28600,34100,962600,720100,100,1900,100
28,30,979200,41400,42200,878400,733900,100,2900,200
29,30,951100,27800,31300,868900,731000,100,2200,0
0,31,31421200,65800,48200,1584600,1408900,200,29572300,2800
1,31,11048100,33200,37000,1067600,925900,200,9891500,200
2,31,2588400,46000,56300,861400,722500,200,1605700,200
3,31,2055700,75000,41500,850600,709100,100,1074900,200
4,31,21933300,96500,35100,1673900,1527200,100,20100100,200
5,31,15778200,54000,41200,1068000,911000,200,14586400,200
6,31,4707500,73200,32400,925700,787300,200,3654100,300
7,31,3413000,67900,36300,861900,722900,100,2422600,200
8,31,9055700,27900,31300,982900,844600,200,7976000,200
9,31,9935000,34400,17900,994100,852800,300,8858000,200
10,31,2282100,95700,43500,849900,706400,200,1213900,200
11,31,1897100,35700,43900,843200,706000,100,952100,200
12,31,2080600,37000,47000,841500,704600,100,1140800,100
13,31,8571000,54600,21600,1018400,860100,100,7457300,100
14,31,977400,52100,38400,863500,720800,100,3000,100
15,31,937600,34300,32900,849300,710100,100,3400,200
16,31,934600,27900,20400,846800,709700,100,3000,100
17,31,937300,25800,32300,846800,707600,100,1800,100
18,31,970900,36900,34300,844700,705400,100,2800,100
19,31,962800,24200,26300,841400,703100,0,2900,200
20,31,940100,33500,48400,842200,705100,100,2600,100
21,31,1101300,34300,50300,848000,710400,100,2200,200
22,31,1120000,33900,38600,836800,699200,100,2200,0
23,31,954300,34100,42600,844300,702700,100,3000,0
24,31,914000,34100,23900,842800,702300,100,3200,200
25,31,962000,49600,37600,865100,727800,100,3100,100
26,31,960800,40300,38100,872900,735200,200,1800,100
27,31,982100,67100,53500,847500,707900,100,3100,200
28,31,938900,44200,42600,839500,702000,100,3000,100
29,31,942500,43300,40900,838900,701100,100,1900,0
0,32,32330400,74200,105500,2020400,1831000,200,29961000,2700
1,32,11494300,70800,29500,1150800,1007800,200,10219600,600
2,32,2629000,34200,39300,892800,757300,200,1647100,100
3,32,2050800,35200,37700,875600,738700,100,1087800,200
4,32,22196000,54000,31500,1904600,1764000,300,20175700,300
5,32,15452700,34900,40400,990400,848900,200,14352600,300
6,32,4398500,49700,72500,969700,814700,300,3286100,200
7,32,3840400,58500,62500,977000,821200,100,2725200,100
8,32,9038700,85300,38300,955300,817100,200,7923200,100
9,32,9659900,34100,51500,918900,781300,100,8628400,100
10,32,2326400,39900,35900,950600,794700,200,1213400,200
11,32,1946400,34000,58600,867300,730000,100,957900,200
12,32,2136700,42700,38800,846600,708600,100,1182300,200
13,32,8406900,34500,31900,884600,747400,100,7429500,200
14,32,948100,44400,44300,836000,699800,100,2800,100
15,32,934700,36800,39800,838200,702100,100,3200,0
16,32,947100,47000,30300,834100,699000,100,3700,200
17,32,924200,27400,36100,836000,700200,100,1600,100
18,32,946700,39100,39700,836600,700100,100,3100,100
19,32,1008700,29400,42600,862800,726800,100,2300,100
20,32,1024200,50900,45100,908500,770900,100,2700,200
21,32,1091800,26900,53900,836300,700000,100,2700,200
22,32,1126300,37600,37700,839500,698700,100,2200,200
23,32,947000,40000,44700,829800,694200,200,2400,100
24,32,920300,40200,36700,831000,694700,100,2900,200
25,32,901600,28900,26700,835300,698200,100,2900,100
26,32,903000,32200,26200,832800,697600,100,2900,100
27,32,930300,36600,49200,835500,699300,100,2500,100
28,32,915500,32600,37100,834300,698900,100,2900,100
29,32,924400,30600,28200,844600,703900,100,2900,100
0,33,31134900,56200,48800,1507600,1355500,100,29361000,2600
1,33,11279600,31700,35400,1053700,890300,100,10133900,200
2,33,2473400,41100,61300,855200,715900,100,1500100,200
3,33,1993800,59600,25000,891500,753000,0,1009200,200
4,33,22008300,52700,36000,1964100,1819900,200,19915800,400
5,33,15902500,65500,34000,979100,835300,100,14784000,300
6,33,4469700,55700,63100,1020800,858600,100,3305900,100
7,33,3602300,36200,38100,934300,794400,300,2562500,100
8,33,9091300,32200,57400,946000,807400,100,8019700,200
9,33,9705700,66900,50600,1006000,861200,200,8561200,200
10,33,2238800,48200,35400,842400,704200,100,1241100,100
11,33,1935600,51000,35500,860700,722100,100,960800,200
12,33,2089900,41700,32400,846400,706800,200,1145300,100
13,33,8691700,189500,43100,1006500,861500,100,7428700,200
14,33,974700,62900,42100,850100,711300,100,2600,200
15,33,946300,37800,42200,844500,704300,100,2800,100
16,33,964800,58400,28800,843300,700500,100,2400,0
17,33,943300,35800,39500,841600,703400,100,2400,100
18,33,984800,44400,41400,866200,702400,100,3100,200
19,33,968800,36500,48400,844200,703100,200,1500,100
20,33,993900,47700,30000,839100,699400,100,3300,100
21,33,1140500,49000,85300,838500,700100,100,2800,100
22,33,1129100,42300,40700,840500,701000,100,2900,200
23,33,947500,45500,22500,846200,703400,100,3100,100
24,33,908500,22500,33900,838700,700700,0,3400,200
25,33,902000,34700,15600,842000,703900,100,2900,100
26,33,915100,33600,29300,842800,701000,100,2400,100
27,33,907900,18200,22600,857300,717400,0,2800,100
28,33,919900,28600,44400,836800,697700,100,2500,100
29,33,931800,38100,34400,842500,703500,200,2600,0
0,34,31745200,59600,56700,1744500,1591600,200,29725600,2600
1,34,11370500,38400,47600,962900,821900,100,10300400,100
2,34,2459500,31700,41400,868300,729100,300,1501100,100
3,34,1949400,36900,28500,867600,726000,0,1006500,0
4,34,22269300,45800,23300,2181800,2003500,100,19980700,500
5,34,15400500,33200,32900,1025500,886100,200,14270200,300
6,34,4434800,34100,32700,958500,816700,100,3386100,200
7,34,3612200,32600,67000,931200,791500,100,2557100,200
8,34,9000000,65300,34800,1003400,863800,100,7861300,200
9,34,9707800,66100,36300,893500,753500,100,8683000,100
10,34,2299900,42600,47500,867100,727200,100,1256700,200
11,34,1913000,47100,19600,864900,724500,200,956400,200
12,34,2157700,79300,38100,863100,723100,100,1146300,200
13,34,8664000,41300,31700,976000,835800,0,7588800,100
14,34,972700,47300,30400,870800,731300,200,3200,200
15,34,966700,42200,38800,863100,723900,0,2500,100
16,34,995200,44500,51300,865300,726900,100,3100,100
17,34,959400,38500,27200,865100,726300,100,2900,100
18,34,989400,38700,44600,862700,723100,100,2400,100
19,34,993700,37800,38700,853300,714800,200,2100,100
20,34,990300,45000,30500,893800,754700,200,3500,200
21,34,1110500,42600,37900,865700,723400,100,2500,100
22,34,1134000,29300,34400,867800,729300,100,2900,200
23,34,969300,33700,44600,857300,718600,100,3100,200
24,34,930500,28500,39300,852400,715100,200,3000,0
25,34,1064600,49500,38800,968300,829300,100,1700,100
26,34,964900,53300,36000,859300,720600,200,3600,200
27,34,939400,38500,30400,857100,718200,100,2800,100
28,34,951900,43200,34100,860600,721500,100,3100,0
29,34,951700,45200,24600,857200,718700,100,3400,200
0,35,31739800,44700,72300,2468400,2251200,300,28983400,2400
1,35,11255000,33300,33100,1156700,1018400,200,10008800,200
2,35,2602800,65600,37800,920000,782300,100,1559200,300
3,35,1941400,13100,19000,857500,720400,100,1040200,200
4,35,22911300,41900,30800,2368000,2170300,200,20431300,500
5,35,15722400,58900,80600,1170700,1030800,600,14370200,500
6,35,4560800,46700,48600,873300,734600,200,3558200,900
7,35,4150600,32100,32900,896200,753300,300,3172400,100
8,35,9172700,34900,58500,981100,836900,300,8060900,100
9,35,9747400,47000,47700,910600,763000,100,8721500,100
10,35,2310700,27800,30300,894400,757000,200,1283400,100
11,35,2073100,45300,29300,861700,725300,100,1115700,100
12,35,2237000,60400,33500,856600,719100,100,1264800,100
13,35,8933700,55000,56900,913700,775700,100,7881300,200
14,35,1030600,50500,53400,898400,761600,100,2700,100
15,35,950600,29200,27900,870800,734500,100,3300,200
16,35,963800,19100,47800,864500,728100,200,2800,100
17,35,967000,39000,44100,854200,717200,100,3200,200
18,35,965600,30300,32100,873700,737300,100,2100,100
19,35,1117200,48000,41400,991800,851300,100,3000,200
20,35,1066600,35000,40600,891300,750300,100,2900,100
21,35,1132200,63700,36400,859500,718900,0,2500,100
22,35,1133600,37500,20700,858600,721500,100,3500,200
23,35,965400,37700,39700,853600,717800,100,2600,100
24,35,977800,25000,64700,877200,740400,300,2300,100
25,35,956000,44500,45900,852300,715600,100,2900,200
26,35,929200,30700,37800,851400,715800,100,2800,200
27,35,925400,34700,31400,849600,713900,100,3000,100
28,35,968000,46500,30800,877600,736500,0,3100,100
29,35,961200,28800,41000,872700,737300,100,2500,200
0,36,31405600,42200,52900,1557900,1411700,100,29600500,2300
1,36,11571800,40600,42000,1041300,903900,200,10424400,200
2,36,2266700,30300,28500,945600,806400,100,1250000,100
3,36,1977500,42800,75000,919800,782400,200,926000,200
4,36,21896200,94500,49300,1564400,1403200,200,20158000,300
5,36,15279100,34200,29200,1010500,872200,300,14173800,100
6,36,4386600,36300,42300,1008900,854300,200,3275500,100
7,36,3530900,43600,35000,916900,780100,100,2515000,100
8,36,9102400,66900,29100,916300,779000,100,8050600,300
9,36,9716300,44800,35700,970900,828700,200,8640300,200
10,36,2383100,40200,59800,967900,812700,100,1229800,300
11,36,1940600,48500,44600,875400,738700,100,946100,200
12,36,2174000,82700,23000,898300,756800,200,1144700,200
13,36,8444700,66200,37400,938300,796900,100,7375800,100
14,36,951100,29200,33300,861800,726400,200,2900,100
15,36,960500,32200,39600,872200,731800,100,2900,100
16,36,956000,24800,22600,868400,731700,0,2900,0
17,36,982100,18500,46500,890800,751000,100,2400,200
18,36,1000000,40100,45300,861900,724700,100,3000,200
19,36,1032200,36900,47100,875900,740000,100,2300,100
20,36,965900,45400,31100,868700,732300,100,3300,200
21,36,1204700,18800,31400,960400,823400,200,3300,200
22,36,1184700,64000,31300,863700,723500,100,2600,200
23,36,962200,33800,29600,859700,723400,100,3300,200
24,36,949700,35300,40200,860300,724200,100,3300,100
25,36,959900,54900,36300,858100,722200,100,3000,0
26,36,966300,31200,40800,885000,748800,100,2400,0
27,36,975800,53100,46500,862000,725200,100,2400,200
28,36,957000,44300,40700,860100,724200,100,2400,0
29,36,952400,29000,34800,866600,729400,200,1800,100
0,37,31097500,74300,78500,2041600,1893700,200,28733900,2400
1,37,11422500,36500,30500,992600,855200,300,10341700,200
2,37,2382300,37500,33200,949100,811000,0,1349900,200
3,37,1881300,28900,34700,859700,722600,200,946600,100
4,37,21443300,39200,43100,1488800,1348900,100,19845800,300
5,37,15660300,44200,32600,1042900,904700,200,14507400,300
6,37,4476300,44700,46100,981000,821100,200,3375800,400
7,37,4050100,47600,48200,1001200,844700,100,2930100,200
8,37,9204600,85800,38000,1002100,854900,200,8038400,200
9,37,9658000,71600,51400,905000,760500,200,8606200,300
10,37,2433200,57500,43400,861400,725100,100,1385700,200
11,37,2054700,37500,54700,873700,736700,200,1068800,100
12,37,2095000,31500,23600,855300,718600,100,1158400,200
13,37,8839600,44300,41200,1015500,870700,200,7720500,200
14,37,944400,25300,38400,862500,726100,200,2400,100
15,37,928800,32800,27400,854600,718800,100,2000,100
16,37,1005400,46900,66000,857300,722300,300,2400,200
17,37,962400,26100,33900,874200,737900,0,2100,100
18,37,994600,24600,57600,870100,733200,200,2500,200
19,37,1026600,40800,53400,853700,717400,200,3400,200
20,37,963000,40600,27500,873100,735200,100,2500,200
21,37,1129000,36200,48900,861800,725500,0,3500,300
22,37,1153700,28900,47900,848500,712700,100,3100,100
23,37,993500,44000,21300,888600,752500,200,2900,200
24,37,946900,53800,24500,853600,717900,100,3400,100
25,37,927000,36000,25800,852000,717300,100,2600,100
26,37,917700,32200,27800,847900,712700,100,2100,100
27,37,919000,34500,20900,854300,718200,100,3000,100
28,37,930000,31600,35800,852800,716000,100,1400,0
29,37,960300,47400,39600,850700,714800,100,2500,100
0,38,30759900,56100,49500,1848800,1697100,300,28635900,2700
1,38,11175000,49800,73800,990400,848200,300,10039900,200
2,38,2505200,40600,34100,860400,722800,200,1556000,100
3,38,2394500,29100,47400,981500,824500,300,1324800,0
4,38,22602900,69100,33500,2024200,1877900,100,20435700,400
5,38,15794800,73000,45200,1057700,913700,100,14583300,0
6,38,4491900,61300,44800,1022900,863600,200,3336300,200
7,38,3415500,35500,39000,978900,840500,200,2340000,300
8,38,8961400,74700,37700,991500,853300,100,7825700,100
9,38,9547900,38400,49500,882900,745000,200,8554900,100
10,38,2312800,60400,33300,874600,737300,100,1261900,100
11,38,2093500,29800,51100,875000,735800,100,1113100,200
12,38,2111700,38000,41400,846100,708900,100,1164200,100
13,38,8636300,39200,45200,1000400,843700,100,7524600,200
14,38,954400,32500,41800,854200,716700,100,3100,200
15,38,935700,31700,31900,855000,713400,100,2900,100
16,38,988000,34000,38900,875200,736500,100,3300,100
17,38,988100,32400,72500,852800,714600,100,2600,200
18,38,950000,34300,26800,850400,712800,200,2500,100
19,38,1014100,41300,48000,847000,705300,100,2600,100
20,38,926700,23500,34000,852400,714000,100,2900,100
21,38,1102700,39900,44600,846000,708700,100,3100,200
22,38,1103800,22900,31100,843800,706400,100,3200,100
23,38,946200,38900,29600,846500,708900,100,3000,100
24,38,943600,39500,48100,847700,711100,100,1900,100
25,38,911000,30600,22000,843700,706400,100,3500,200
26,38,982500,51500,52100,868000,726400,100,2900,100
27,38,938000,27100,46700,852100,715500,200,2300,100
28,38,930800,29800,39200,846300,708500,100,2500,100
29,38,950800,39900,36400,850800,712400,100,3000,100
0,39,33362400,103000,105700,2776700,2586900,300,30212500,2300
1,39,11989800,71400,73200,986700,842000,200,10788800,100
2,39,2585500,39300,30500,858900,719000,0,1642700,200
3,39,2190200,43100,38600,853500,713800,0,1243600,100
4,39,21888500,65100,34800,1828000,1669600,100,19923300,300
5,39,16080700,45000,68600,996700,851600,200,14933300,300
6,39,4619000,36400,69400,1027300,881700,100,3459400,200
7,39,3523800,35800,40400,886700,746500,200,2534400,200
8,39,9235900,50100,28400,1026400,884500,300,8094600,100
9,39,9679500,86400,39200,907500,766700,300,8626600,200
10,39,2306900,40700,31200,911900,766500,100,1244400,100
11,39,2000200,61900,79800,857300,709700,200,978000,100
12,39,2137900,33900,60900,851600,711500,200,1165900,100
13,39,8688000,33900,33800,1015700,854100,100,7584400,100
14,39,986500,49200,50800,860500,716000,100,3200,100
15,39,938100,44400,21500,852900,709300,100,2500,100
16,39,957600,44300,27800,848200,707100,0,3100,100
17,39,964100,35100,53700,844000,704000,100,2900,100
18,39,970000,42500,38700,857500,717600,200,2500,200
19,39,960200,32500,37400,855300,716300,100,1800,0
20,39,1002300,41800,29400,847600,707800,200,2900,100
21,39,1092000,43100,32200,843500,700300,100,2600,200
22,39,1110400,25700,27700,850400,710800,100,3100,100
23,39,937500,23500,29900,847900,708800,100,2900,100
24,39,916000,35800,28500,840700,701800,100,3200,100
25,39,933600,33800,33400,857500,718300,100,2700,100
26,39,915500,29300,27800,846300,706100,100,2600,100
27,39,950600,37000,52200,846300,706200,100,2700,100
28,39,944300,44300,37900,845700,705700,100,2800,100
29,39,942600,55300,31700,842200,702800,100,1400,100
0,40,31285400,75100,56200,2028600,1882000,100,28949700,2600
1,40,11594800,52600,58300,914000,775900,100,10547100,200
2,40,2525800,33200,48800,902900,766600,200,1523600,200
3,40,1995500,33400,38900,874100,738600,0,1040700,100
4,40,22850800,66900,38000,2254600,2089000,100,20455500,400
5,40,15751900,43900,51700,1131600,979000,200,14471400,400
6,40,4374800,42600,31000,976600,838800,100,3298600,200
7,40,4049300,49500,37600,980100,833000,100,2957200,100
8,40,9081500,57900,31700,1014000,877100,300,7947200,200
9,40,9537100,38200,42000,958600,817900,100,8470100,300
10,40,2494400,38300,36300,935500,798900,100,1401400,100
11,40,2198600,54500,128100,938600,794300,100,1053700,0
12,40,2225300,32500,35000,866700,729300,200,1265000,300
13,40,9291800,35200,41600,949500,812200,200,8250400,400
14,40,981900,28800,48000,879300,741800,100,3500,300
15,40,956000,37800,44100,856600,721700,100,2300,100
16,40,975700,22400,43000,867600,731500,200,3200,200
17,40,999800,14900,47800,901000,762700,100,3100,100
18,40,1059400,76000,63800,871400,734600,200,3400,100
19,40,1026900,32200,33500,873900,737000,100,3100,100
20,40,942600,34200,29900,863700,726600,100,3100,200
21,40,1108000,35600,29600,858100,722900,0,2600,200
22,40,1170300,30100,59800,859100,723500,100,2800,200
23,40,963900,37100,31000,865000,729600,100,2300,0
24,40,945200,37000,37300,860800,724000,100,2800,100
25,40,1044200,34900,35500,962100,827200,0,2300,100
26,40,961300,19100,27400,902400,766100,100,3000,100
27,40,975900,31700,63900,866500,729600,100,2100,100
28,40,964700,30300,52000,864800,729100,100,2600,200
29,40,959800,32500,42700,860000,723700,100,3000,100
0,41,31698000,73700,67800,2525000,2320500,200,28865900,2500
1,41,11217800,30600,32100,1018400,880700,200,10116300,400
2,41,2518200,29900,32300,905300,767900,100,1533300,200
3,41,1991600,54200,30100,855600,716100,100,1038200,100
4,41,21709700,38000,41400,1933100,1790600,100,19663800,200
5,41,15908800,72000,49100,1067300,929100,100,14682700,200
6,41,4289500,40100,28700,979900,842200,100,3218600,100
7,41,3806000,58000,45000,890400,749600,200,2789500,300
8,41,9164900,46900,34200,943700,805200,200,8102800,200
9,41,9730800,71900,29700,980400,838500,200,8619800,200
10,41,2276300,65200,40000,866600,726000,200,1219000,200
11,41,1921600,45600,45800,861700,720200,100,943000,100
12,41,2058400,16000,37700,849200,713900,100,1139000,200
13,41,8476100,30500,27300,911100,772300,200,7488500,200
14,41,963300,24700,46100,864700,728700,100,3400,100
15,41,941300,35400,32500,858500,721600,100,3200,100
16,41,993600,19100,34100,895400,759100,100,2600,100
17,41,986100,35200,50300,860900,724800,100,3400,200
18,41,985200,51600,26900,853600,717900,100,3100,100
19,41,993400,57900,24400,845000,710100,200,2900,100
20,41,1057000,143900,28500,867600,729200,200,2900,100
21,41,1097200,38900,29200,850400,713400,200,2900,100
22,41,1133000,32900,44400,848000,711800,100,2100,100
23,41,965500,32700,54300,848200,712000,100,2600,200
24,41,928700,26700,39700,853500,716900,100,1800,100
25,41,953500,37200,39000,870300,732600,100,1300,0
26,41,951800,43000,41900,856800,717300,100,2600,100
27,41,935700,36000,39500,846900,711100,100,3400,100
28,41,970400,48000,35600,874500,738400,100,2500,0
29,41,955000,44200,33500,852500,716000,200,2500,100
0,42,31832900,48700,63400,2521500,2337800,300,29022900,2300
1,42,11021300,74900,28300,1057600,921700,200,9838000,200
2,42,2625400,39900,65900,1014300,879500,200,1488500,200
3,42,1989300,50200,44300,859100,720300,200,1024600,100
4,42,22336000,72300,35200,2210300,2049100,100,19988100,400
5,42,15771200,54100,29600,1097600,961100,300,14551800,400
6,42,4559600,57100,28400,1030000,874700,100,3420500,200
7,42,3487000,50400,55100,960200,822900,200,2398200,200
8,42,9201500,28300,61600,1014600,878700,300,8059700,100
9,42,9721600,37700,58700,1001600,866200,300,8605500,100
10,42,2219000,40100,40500,879700,743000,200,1186800,200
11,42,1958900,28000,30600,866700,732000,100,1008400,200
12,42,2101700,29500,38200,851500,716600,100,1162300,100
13,42,8431100,66700,18600,1025800,870400,200,7297100,200
14,42,976700,61600,42700,853300,714700,100,2900,100
15,42,955800,42400,26000,865200,729700,100,3000,100
16,42,973000,43200,40900,852200,714600,100,3500,200
17,42,954000,31400,38400,854900,719700,100,2400,0
18,42,1011000,21300,92100,867300,734100,100,3400,100
19,42,964800,27100,53000,846800,711700,100,3000,100
20,42,994800,44600,28700,843300,709700,100,3100,100
21,42,1102500,41500,39700,846700,713000,100,3100,200
22,42,1151600,34700,50100,855500,716800,200,1900,100
23,42,970200,34100,58100,846400,712600,200,3100,100
24,42,933000,36300,34800,851400,714000,100,3000,100
25,42,923900,30800,41500,843900,710500,0,2400,0
26,42,973000,46300,39100,877400,743200,100,2000,100
27,42,947200,44200,42000,852500,714800,200,1800,100
28,42,930200,25900,44400,844700,711300,100,3100,200
29,42,946200,29100,42400,854600,719200,100,2900,200
0,43,31706600,57500,73500,1687900,1537900,200,29720700,3000
1,43,11458100,69400,33800,965300,818900,100,10359800,200
2,43,2429600,29300,32000,863100,726900,200,1488100,200
3,43,2193600,32500,57600,882000,745200,200,1210400,200
4,43,21943400,41200,31700,1999000,1859100,100,19838100,300
5,43,15468700,32100,30700,1056800,898600,100,14309000,400
6,43,4355800,41600,45300,978100,841900,300,3266300,100
7,43,3715800,33800,31200,873800,735500,200,2757700,100
8,43,9126300,35200,47600,1083700,928000,100,7924600,100
9,43,9555400,32800,40700,931000,793000,0,8533500,100
10,43,2332800,65500,37600,876400,735700,100,1278400,100
11,43,1935200,56300,34700,860500,717600,200,957500,200
12,43,2265500,76200,46000,903300,730600,200,1215600,300
13,43,8674000,45000,33400,956700,815500,200,7616600,200
14,43,942000,42800,36500,848700,713200,200,2100,100
15,43,989200,45000,40400,884000,747000,100,2500,200
16,43,962000,30300,31900,862600,724700,100,2700,0
17,43,966000,36900,47600,852100,715600,100,1400,100
18,43,975800,29600,67200,849800,713200,100,3000,100
19,43,1078300,40600,39600,961100,823400,100,2500,100
20,43,1056400,32300,64800,869900,733300,300,2400,200
21,43,1063700,28400,19900,847000,711900,100,2800,0
22,43,1157600,35500,61000,850700,714700,100,2800,200
23,43,964100,46900,39200,849000,713300,100,2300,100
24,43,933800,39000,35700,848700,713300,100,3000,100
25,43,940100,37800,33900,858100,722300,100,1800,0
26,43,943300,40500,41600,846900,710300,100,3100,100
27,43,919700,25200,30500,852900,716600,100,2900,100
28,43,954100,30900,35800,872000,735700,100,3000,200
29,43,948100,31200,23200,873800,726400,200,2700,100
0,44,32434000,82300,45000,2022400,1863300,200,30114700,2900
1,44,11597300,46700,40700,965600,828600,100,10518100,300
2,44,2585100,34700,72100,852600,716800,100,1606300,300
3,44,2015800,26600,35100,875400,732900,100,1064800,200
4,44,21980500,45100,52700,1882100,1704300,200,19972800,100
5,44,15607200,32400,33400,1105900,959100,200,14405200,0
6,44,4336800,40100,43100,870400,729400,200,3361900,100
7,44,3380900,40000,27800,866600,724700,100,2425300,100
8,44,9469900,70000,48900,1013300,874800,100,8305700,200
9,44,9702700,75900,44500,993400,836900,0,8559500,100
10,44,2187600,40200,44700,867900,732300,200,1150700,200
11,44,1915000,47200,43300,849400,708700,100,953500,200
12,44,2072800,45500,31700,842000,702700,100,1135800,100
13,44,8418000,52700,40800,874400,738200,200,7436500,100
14,44,976100,51100,28600,876400,739500,100,2500,0
15,44,929300,27100,40400,839300,702400,100,2600,200
16,44,981700,47800,39800,855800,718500,100,2500,100
17,44,952800,36000,32500,844800,708400,0,3600,200
18,44,1010900,28600,62500,866300,727300,100,3400,100
19,44,1010600,62100,42500,842200,705200,100,2900,100
20,44,949900,38000,51500,844300,709300,100,3400,200
21,44,1094400,42200,36100,841400,704300,100,2800,0
22,44,1104400,23500,36600,836400,699000,100,2300,100
23,44,946300,39000,32800,838300,700900,100,3300,100
24,44,919500,36300,32600,840100,704400,100,3100,0
25,44,917100,29000,38500,840400,703800,100,2500,200
26,44,951500,39400,62300,837800,702500,200,2700,200
27,44,916400,29400,39500,838100,703400,100,2000,100
28,44,944600,42700,50600,840000,704300,100,2600,100
29,44,945000,29100,54800,836800,701000,100,2600,200
0,45,31472200,93000,60600,1619400,1472800,100,29542100,2500
1,45,11280600,36200,37400,1022600,866000,200,10161000,100
2,45,2597500,31100,38300,939100,799400,300,1572200,100
3,45,2133000,69400,35100,871600,734000,100,1144000,200
4,45,21149700,41700,33800,1372000,1234300,100,19678000,200
5,45,15870200,60300,43200,1045000,900700,100,14691600,100
6,45,4283600,35100,58900,1030400,892200,100,3138200,100
7,45,3828800,29400,26300,918600,773200,200,2841400,100
8,45,9149800,30900,72400,1031500,873500,200,7974500,200
9,45,9379100,51500,73200,897400,759500,300,8325400,300
10,45,2368700,62100,67500,896100,756800,200,1263800,200
11,45,2114500,40700,51000,987000,829600,200,1005600,100
12,45,2180300,44400,87700,863400,727000,200,1168100,200
13,45,8795900,34100,38900,890400,754500,200,7817400,100
14,45,1020800,55000,47900,889800,748900,100,4200,300
15,45,952500,30400,38300,864300,727200,300,2800,100
16,45,990400,45400,33300,866000,728900,100,3500,100
17,45,959100,31100,23100,867000,730700,100,2800,200
18,45,1011600,41100,46400,866100,729600,100,3000,200
19,45,1002400,37200,32800,863800,727000,100,2800,100
20,45,969800,43800,44400,865200,727600,100,2000,100
21,45,1104900,30300,52900,860100,723900,100,2400,100
22,45,1150200,32600,45100,863100,727300,100,2100,100
23,45,968500,44300,31800,860200,723400,100,2900,0
24,45,940500,37500,32400,861300,725500,100,3000,0
25,45,1164500,148900,42400,964300,823700,100,2400,100
26,45,963100,45600,37800,865600,728600,100,2500,200
27,45,972900,32600,33100,898400,762000,100,2500,100
28,45,961100,25100,53700,866600,731000,100,3200,200
29,45,958200,36400,36800,859900,723600,100,3300,100
0,46,31415800,38600,71400,2396300,2184600,200,28746100,2600
1,46,11373400,32700,45900,1172700,1033100,100,10100100,200
2,46,2487600,31100,42200,903200,766900,200,1496500,200
3,46,1980200,23400,49400,880400,741000,200,1013400,200
4,46,22377200,63800,76400,2108500,1954100,300,20101700,400
5,46,16141900,69900,42500,1002700,858300,300,14989600,300
6,46,4503800,40700,25600,1025300,868500,200,3386300,100
7,46,3900300,18500,49300,994400,857300,200,2813900,100
8,46,9099800,44400,31700,1061200,902600,0,7929700,100
9,46,9646900,50700,28600,947600,809200,200,8585200,200
10,46,2190800,32000,39300,854100,717500,100,1184500,100
11,46,2018200,70500,57900,872700,735100,200,990400,100
12,46,2139600,48900,36400,876200,734700,200,1151500,200
13,46,8501600,65800,42600,891200,753800,100,7484200,0
14,46,963100,26200,41100,870600,734300,100,3100,200
15,46,959900,27700,48400,862900,726600,100,3000,0
16,46,970300,47000,19600,867300,725100,100,3000,100
17,46,992000,44600,47600,866500,730100,0,2600,200
18,46,1024600,50200,57700,864800,722400,0,3200,100
19,46,997500,37300,36300,853900,717700,200,3300,200
20,46,958600,42200,40600,861500,726300,0,2900,100
21,46,1101700,41800,30300,862000,724200,100,2700,100
22,46,1131800,29500,42000,855700,719600,0,2700,100
23,46,961900,34100,40700,856900,721100,200,2500,100
24,46,947500,50900,32000,855000,718900,200,2800,0
25,46,921500,26800,27200,858000,722100,100,1700,100
26,46,965300,34000,57900,858600,722500,100,3300,100
27,46,933400,35300,30200,857300,720600,100,2700,100
28,46,951900,35100,43000,857100,720500,100,3100,200
29,46,937300,37300,25800,855000,718700,200,2400,100
0,47,31211300,44200,61300,1553100,1404300,200,29389400,2500
1,47,11346800,37100,34100,896500,758300,200,10357800,200
2,47,2597900,36700,41900,930100,788600,100,1571200,100
3,47,2489400,47600,25400,968100,832200,100,1438600,100
4,47,21563700,39900,35400,1784600,1644600,300,19674500,200
5,47,15393600,33600,42100,920300,782000,200,14364700,200
6,47,4292100,31700,30500,885000,748900,300,3325500,100
7,47,3969300,32700,27200,883700,746200,300,3005000,100
8,47,9243900,27700,41200,1053400,915700,300,8085800,100
9,47,9647900,58100,37700,988900,840200,100,8535700,200
10,47,2499200,45400,48800,861600,723300,200,1448400,200
11,47,2014900,32700,29800,879200,739000,100,1046200,100
12,47,2370200,39300,58000,1018800,873500,100,1232300,200
13,47,9463500,54100,39300,1048900,911500,200,8295800,300
14,47,951200,33200,46000,852200,715200,100,2500,100
15,47,937500,38300,31000,848600,712200,100,2900,100
16,47,973000,27500,61100,845100,709200,100,2800,100
17,47,951100,34500,43800,841200,704000,100,2800,100
18,47,979300,34900,37300,848100,712000,100,2900,100
19,47,1043300,68400,40500,864100,723100,100,3100,200
20,47,939000,28000,47600,842300,705300,100,3100,200
21,47,1089700,31500,28900,843600,707100,100,2900,100
22,47,1151000,46400,38800,841100,704300,100,2900,200
23,47,962000,35200,45300,843500,707000,100,2500,200
24,47,927800,34500,41200,841400,704800,100,3100,100
25,47,918200,38300,27900,841300,705800,200,3100,100
26,47,935100,36500,34900,852600,710900,0,3000,100
27,47,925000,34800,27700,850100,711600,200,3000,200
28,47,945700,38000,40700,850800,713800,100,2400,100
29,47,977500,55100,35600,861800,721100,200,3400,200
0,48,31359600,59500,88900,2124400,1978700,200,28917200,2800
1,48,11108700,47500,31500,1005400,867900,300,10008000,100
2,48,2563600,28800,30700,1036800,877700,200,1452900,100
3,48,2242400,54400,51200,899500,761800,200,1221300,300
4,48,22854800,58100,50600,2599900,2377700,300,20107700,400
5,48,15747400,41600,41200,1173900,1036100,100,14454800,100
6,48,4695300,95700,29200,991700,846800,200,3544700,200
7,48,3547400,37100,35100,1022300,874300,100,2435800,200
8,48,9374200,35800,35800,1099900,961200,200,8163000,200
9,48,9823500,55100,46500,985600,848700,100,8705000,200
10,48,2335600,37200,37200,871300,730800,100,1304200,200
11,48,1952400,39000,38900,866900,729100,0,980700,200
12,48,2256100,62500,32300,876100,739700,200,1260400,100
13,48,8583600,68700,42500,894100,757000,100,7553400,100
14,48,949700,31700,28200,866100,728800,100,3100,100
15,48,945300,23000,35600,860000,724700,100,3400,200
16,48,952200,32400,26700,863300,727500,200,3200,0
17,48,962100,39000,35500,858100,723500,100,3300,100
18,48,979400,51100,24500,856800,720800,200,3100,100
19,48,985200,27900,41700,855600,720000,100,1800,100
20,48,959000,39300,39100,861400,721900,100,2800,200
21,48,1116400,44900,30300,877800,742100,100,2800,100
22,48,1127800,44400,29800,860300,723800,200,3200,100
23,48,1008900,70200,53500,856200,720700,100,1900,100
24,48,972400,27700,43300,888800,752700,100,2700,200
25,48,938700,35600,29900,860200,723500,100,3000,100
26,48,957500,48100,40500,855000,719200,100,2500,200
27,48,939900,35500,33400,859900,723900,100,2000,100
28,48,963600,36000,53100,858600,722200,100,3100,200
29,48,978500,53200,44400,862000,727100,0,2300,100
0,49,31253300,94900,50400,2272200,2091800,200,28676300,2400
1,49,11213000,33600,32200,1006600,869000,100,10120000,200
2,49,2513600,38200,37700,876600,739700,200,1548200,100
3,49,2413000,47700,27600,992500,842000,100,1334100,100
4,49,22339900,48200,33600,2040000,1900200,100,20182300,500
5,49,15573300,46300,31800,1043100,900800,100,14416400,200
6,49,4372600,32700,31000,972700,832800,200,3313200,100
7,49,3914300,44300,37500,971400,834100,200,2838900,200
8,49,9176900,45200,45800,1184400,1039700,100,7867600,200
9,49,9769400,72600,30500,1033700,896500,100,8592600,200
10,49,2292100,32000,31400,873300,731300,100,1264800,100
11,49,2031000,35300,82100,895700,756700,200,989700,200
12,49,2187200,65700,47900,868500,732100,100,1177900,100
13,49,8688100,79500,59100,996100,858300,200,7526800,200
14,49,970900,27000,43700,871900,734500,200,2500,200
15,49,949800,27800,36900,866900,730100,100,2400,200
16,49,981500,43100,37800,863100,726900,100,3200,100
17,49,1052200,26200,34100,964500,827300,100,2700,100
18,49,998800,43000,38300,866400,729500,200,3500,100
19,49,1035500,35900,35500,894200,729500,200,2500,100
20,49,983100,60200,34600,863500,726500,0,6700,100
21,49,1114000,32900,38700,863800,727700,100,3400,200
22,49,1145400,34600,35400,862400,725600,200,1800,100
23,49,970100,43300,25500,862100,726100,100,2500,100
24,49,939700,36000,32900,860700,723800,0,2700,100
25,49,932800,29400,30300,863100,723900,100,2300,100
26,49,995400,40200,45300,894600,749100,100,2900,200
27,49,966500,30800,47800,877700,741700,200,3000,0
28,49,938700,35100,24100,867900,727900,100,3000,100
29,49,982100,46800,44100,867500,730500,100,2300,0
